"value","bin","mean","sd","sem"
10,0,0.0811821881604257,0.0321673705551476,0.000318488817377699
10,1,0.0960231034754912,0.0315280202206167,0.00031215861604571
10,2,0.101454478384698,0.0325609818178596,0.000322385958592669
10,3,0.111967972339655,0.0282987764924668,0.000280185905866008
10,4,0.112822577134813,0.0300189380638465,0.000297217208552935
10,5,0.126144177240687,0.0422870113731456,0.000418683280922234
10,6,0.102922428311724,0.0326238215384712,0.000323008134044269
10,7,0.095390801194251,0.0261073752768263,0.000258488864126993
10,8,0.0857116807285163,0.0252191444206147,0.000249694499214007
10,9,0.0718370330478686,0.0299663402215485,0.000296696437837114
10,10,0.0145435599818706,0.0326723829711486,0.000323488940308402
11,0,0.0187208827406484,0.0290285139817116,0.000287411029521897
11,1,0.112594672965056,0.0555621057896457,0.000550119859303423
11,2,0.112300878106714,0.0412818742321233,0.000408731428040825
11,3,0.11842604096841,0.0376829306271652,0.000373098323041239
11,4,0.127429388918064,0.044777697316216,0.000443343537784317
11,5,0.14850896429899,0.130517509147991,0.00129225256582169
11,6,0.0929865238938527,0.0247677225806417,0.000245224976045958
11,7,0.0834850670055736,0.0295013902085665,0.000292092972362045
11,8,0.0723078455200172,0.0338361449390317,0.000335011336030017
11,9,0.061170844870791,0.0363120197397033,0.000359524947917855
11,10,0.0520688907118831,0.041026113814936,0.000406199146682535
20,0,0.0823089373661156,0.0489415560957894,0.000484569862334549
20,1,0.0874290171445631,0.0438253182556879,0.000433914042135524
20,2,0.0917757654401248,0.041367235596625,0.000409576590065595
20,3,0.119783614588058,0.0339649562055165,0.000336286695104124
20,4,0.128969165572538,0.0395503345050848,0.000391587470347374
20,5,0.115976400017669,0.0377129679154295,0.000373395721934946
20,6,0.104432625735355,0.0276272632888262,0.000273537260285408
20,7,0.0946213947146517,0.0252173980147844,0.000249677208067172
20,8,0.0878925623983517,0.0291666614984865,0.000288778826717688
20,9,0.0443556696294128,0.0496476461639181,0.0004915608531081
20,10,0.0424548473931593,0.0506872562624845,0.000501854022400837
21,0,0.0076411282469661,0.0187182159332716,0.000185328870626452
21,1,0.100918362090807,0.0547978284563461,0.000542552756993526
21,2,0.113702238420279,0.0423696265644154,0.000419501253113023
21,3,0.126678564209368,0.0397527189449781,0.000393591276682952
21,4,0.139042887826621,0.0302654833525039,0.000299658251014891
21,5,0.14595193903794,0.0359293221982674,0.000355735863349182
21,6,0.118499073826848,0.0415635435923295,0.000411520233587421
21,7,0.101443709851929,0.0424776407436762,0.000420570700432438
21,8,0.068941062100772,0.0303000594212108,0.00030000058832882
21,9,0.0575648186200665,0.036008081890892,0.00035651566228606
21,10,0.0196162157684025,0.0362456156061271,0.000358867481248783
22,0,0.0190281485105038,0.035786136271121,0.000354318180902189
22,1,0.0319912173353796,0.0571031250938845,0.000565377476177074
22,2,0.117021253432219,0.0640149031954209,0.00063381092272694
22,3,0.123386476798404,0.0361915761238946,0.000358332436870243
22,4,0.132646009792187,0.0342190357605912,0.000338802334263279
22,5,0.146924206131769,0.0361486189461427,0.000357907118278641
22,6,0.126153899519216,0.0453412068363419,0.000448922839963781
22,7,0.115699718792556,0.0374802413376354,0.00037109149839243
22,8,0.0844266409485454,0.0344688839622866,0.000341276078834521
22,9,0.0597552848323173,0.0356995290401814,0.000353460683566153
22,10,0.0429671439069041,0.0360474483871174,0.000356905429575419
30,0,0.0939074939519679,0.0689519903485013,0.000682692973747538
30,1,0.11491670482094,0.059708346434227,0.000591171746873535
30,2,0.138907954139359,0.0586541127108377,0.000580733789216215
30,3,0.158893969774378,0.0475745702529639,0.000471035349039246
30,4,0.141320421772767,0.0480653980190716,0.000475895029891798
30,5,0.132742007014603,0.0559385478418456,0.000553847008335105
30,6,0.116908002172279,0.0536529350657874,0.000531217178869182
30,7,0.0715372895752172,0.056116203487865,0.000555605975127376
30,8,0.00664654990115127,0.0167965609983551,0.00016630258414213
30,9,0.0118188061303045,0.0319996781197656,0.000316828496235303
30,10,0.0124008007470325,0.0393978745518337,0.000390077965859739
31,0,0.0205449025490868,0.0401702013419713,0.000397724765762092
31,1,0.112126736110311,0.0831294163007612,0.000823063527730309
31,2,0.130475578132272,0.0612822765511255,0.00060675521337748
31,3,0.149287603724417,0.0498425631254634,0.000493490724014489
31,4,0.152869019685294,0.0564270632539376,0.000558683794593441
31,5,0.136285275289754,0.032770708796388,0.000324462463330574
31,6,0.107740810868587,0.0472727841361227,0.000468047367684384
31,7,0.0931549207105985,0.0534388147740083,0.00052909717598028
31,8,0.0708903671367852,0.0679170470980549,0.00067244601087183
31,9,0.0159646223504687,0.0403279676859443,0.000399286808771726
31,10,0.0106601634424271,0.0269552676643123,0.000266883838260518
32,0,0.024081722013173,0.0484471212477378,0.000479674467799384
32,1,0.0358011145888886,0.0570313203091392,0.00056466653771425
32,2,0.108990181945842,0.0806913459579846,0.000798924217405788
32,3,0.126117883081556,0.071494957375305,0.000707870865102029
32,4,0.125694571923351,0.06733600961014,0.000666693164456832
32,5,0.122967353602404,0.0692241682821607,0.000685387804773869
32,6,0.1780335067415,0.171606942429617,0.001699078637917
32,7,0.115694504733832,0.0851188683317249,0.000842761072591336
32,8,0.078509015526244,0.0534370899479048,0.000529080098494107
32,9,0.0508137744394002,0.0470441273712361,0.00046578343931917
32,10,0.033296371403809,0.0506094406002881,0.000501083570299882
33,0,0.0214973620431507,0.0376078332054183,0.000372354784212062
33,1,0.0441741709667786,0.0682749119671461,0.000675989227397486
33,2,0.0443571153926776,0.0686773540895507,0.000679973802866838
33,3,0.136100354273825,0.0928958645352243,0.00091976103500222
33,4,0.130348572816901,0.036085124573477,0.000357278461123535
33,5,0.14060450997987,0.0460231557973625,0.000455674809874876
33,6,0.130786635980894,0.0466452163027729,0.00046183382477993
33,7,0.119950779832357,0.0474486116651816,0.000469788234308729
33,8,0.0798664598726717,0.0560906408606157,0.000555352879808076
33,9,0.077098541785304,0.0559973604407234,0.000554429311294291
33,10,0.0752154970555703,0.0596123305173044,0.000590221094230737
40,0,0.0991224943120377,0.0491696688192582,0.000486828404151071
40,1,0.143287121054743,0.0526243717122835,0.000521033383289935
40,2,0.156777616334272,0.0437793365705243,0.000433458777925983
40,3,0.154017487044653,0.0423060755799085,0.000418872035444638
40,4,0.135872212915545,0.0355888355661799,0.000352364708576039
40,5,0.122137797176211,0.0368526772380332,0.000364877992455775
40,6,0.100634954043783,0.032880676488851,0.000325551252364862
40,7,0.0230612404863223,0.0385189048776146,0.000381375295817966
40,8,0.0200634462835357,0.0337630122395474,0.000334287249896509
40,9,0.0221121457659396,0.0377246891732323,0.000373511773992399
40,10,0.0229134845829575,0.0388429080810132,0.000384583248326863
41,0,0.0296283029124155,0.0479868422297342,0.000475117249799349
41,1,0.123992047383441,0.0586780577563189,0.000580970868874445
41,2,0.139550279517842,0.0504429261507178,0.000499434912383345
41,3,0.158022145778273,0.05031621946156,0.000498180390708515
41,4,0.159935556166419,0.0531393918497106,0.000526132592571392
41,5,0.133063134287875,0.040411139895178,0.000400110295991862
41,6,0.0981277265523207,0.0390347218853602,0.000386482394904557
41,7,0.0701879149704362,0.0432801843190497,0.000428516676426234
41,8,0.0349536985802057,0.0407847977529026,0.00040380987874161
41,9,0.029597113448382,0.0361501433198002,0.000357922211087131
41,10,0.0229420804023904,0.0318876326423542,0.000315719135072814
42,0,0.0239706862019447,0.0484207139231082,0.000479413009139685
42,1,0.0261668702169435,0.0491323645344096,0.000486459054796134
42,2,0.156850052852858,0.133302408750886,0.00131982582921669
42,3,0.150520763395606,0.0794118449500288,0.000786255890594345
42,4,0.154442504221485,0.0594183884058959,0.0005883008753059
42,5,0.137420139391256,0.0576950706330871,0.000571238323099872
42,6,0.120028988694806,0.0506973919260295,0.000501954375505243
42,7,0.0987700610883958,0.0452423710052309,0.000447944267378523
42,8,0.0880639312106744,0.0471670841678396,0.000467000833344946
42,9,0.0229650783340301,0.0342292726460575,0.000338903689564926
42,10,0.0208009243919997,0.0334466537187369,0.000331154987314227
43,0,0.0145901100276626,0.0353068215456718,0.000349572490551206
43,1,0.0339384938031314,0.0659250473383066,0.000652723240973333
43,2,0.0405510506076269,0.0815244470114472,0.000807172742687596
43,3,0.149025394199882,0.0843934907954805,0.000835579116786936
43,4,0.140324751623803,0.0347479386838207,0.000344038996869512
43,5,0.163820048965502,0.0548875905507728,0.000543441490601711
43,6,0.150550220901846,0.0616605071041277,0.000610500070337898
43,7,0.127605147310968,0.0694170893309657,0.000687297914167977
43,8,0.0952514540984159,0.053257334052847,0.000527300337156901
43,9,0.0690446423359222,0.050243263562968,0.000497458055078891
43,10,0.0152986861252392,0.0279589279790918,0.000276821069099919
44,0,0.0179994995943198,0.0478861462354139,0.000474120259756574
44,1,0.0316410572369857,0.0721493068032005,0.000714349572308916
44,2,0.0274598700785197,0.0614536338582864,0.000608451820379074
44,3,0.0260153247847733,0.0520595647497871,0.000515441235146407
44,4,0.139404811512321,0.0688321625716938,0.00068150656011578
44,5,0.163686802934008,0.0898854048471845,0.00088995450343747
44,6,0.1603600098637,0.0862208784539595,0.000853672063900589
44,7,0.131407065930324,0.0568267553528038,0.000562641142106968
44,8,0.11862085800597,0.0540438708328658,0.000535087830028374
44,9,0.103137701529499,0.0593500490435373,0.000587624247955815
44,10,0.0802669985295805,0.0559962308172028,0.000554418126902998
50,0,0.128724377384328,0.0676275178735158,0.000669579384886295
50,1,0.157002195507039,0.0736159792877985,0.000728871082057411
50,2,0.162776065742676,0.0649503672299627,0.000643072942870918
50,3,0.152809585544578,0.0718778538479216,0.000711661919286353
50,4,0.133671895618171,0.0590067966972957,0.000584225709874214
50,5,0.15518413770737,0.129480617910417,0.00128198631594472
50,6,0.016279183942504,0.0277037198014632,0.000274294255460032
50,7,0.0376919466940287,0.112315556600402,0.00111203521386536
50,8,0.0281874771278507,0.0777404836761501,0.000769707759169803
50,9,0.0153489641805957,0.0328562193878463,0.000325309102849963
50,10,0.0123241705508596,0.0223226614034048,0.000221016449538662
51,0,0.0264070985028559,0.0608741221237837,0.000602714080433502
51,1,0.177351953611238,0.0879056040272162,0.000870352515120953
51,2,0.194083844837215,0.0850904373247449,0.000842479577472722
51,3,0.177343511519088,0.065152590136779,0.000645075149869099
51,4,0.145336620515685,0.0438817867476581,0.000434473136115427
51,5,0.106139031330938,0.0471257104489413,0.000466591192563775
51,6,0.0700973332676182,0.0390321107839789,0.000386456542415632
51,7,0.0269955145610031,0.049388892345617,0.00048899893411502
51,8,0.029274411229218,0.0523683184457088,0.00051849820243276
51,9,0.024767070563485,0.0438255299633744,0.000433916138251232
51,10,0.0222036100616564,0.0402297472606661,0.000398314329313526
52,0,0.0286620559607316,0.0527983906697969,0.000522756343265316
52,1,0.0270606266032876,0.046460677103495,0.000460006703995
52,2,0.198978740447142,0.11379235388858,0.00112665696919386
52,3,0.189745950006188,0.0643816916923919,0.00063744249200388
52,4,0.165556584398899,0.0446152033649102,0.000441734686781289
52,5,0.167161728873148,0.0422833932068261,0.000418647457493328
52,6,0.113843365939134,0.0658848902447541,0.000652325645987665
52,7,0.0803394100232021,0.0501194465191247,0.00049623214375371
52,8,0.0156297438192755,0.0364083611964748,0.000360478823727473
52,9,0.00623409531899015,0.00924941545080101,9.157837080001e-05
52,10,0.00678769861000234,0.0126811508105264,0.000125555948619073
53,0,0.0183293246786827,0.0342291595366229,0.000338902569669533
53,1,0.0184410837148635,0.0391003390214759,0.000387132069519563
53,2,0.0266075850641398,0.0563200141481837,0.000557623902457264
53,3,0.151160705805883,0.072914208991478,0.000721922861301762
53,4,0.152065557972287,0.0634945191650038,0.000628658605594097
53,5,0.180023115087257,0.0769425743582031,0.000761807666912902
53,6,0.179661234439972,0.0684006117674856,0.000677233779876095
53,7,0.133325961895309,0.0528298824438094,0.000523068143008014
53,8,0.0955281802316222,0.0344361810823038,0.000340952287943602
53,9,0.022962745436954,0.0378204748900747,0.000374460147426482
53,10,0.0218945056730297,0.0374589110189952,0.000370880307118764
54,0,0.0131364251082721,0.0343732562700488,0.000340329270000483
54,1,0.0443099587287348,0.0660619605349482,0.000654078817177705
54,2,0.0408056060666196,0.0628561616742603,0.000622338234398617
54,3,0.0386461840907775,0.0637203701464394,0.000630894753925143
54,4,0.113894412386378,0.0664581681770323,0.000658001665119132
54,5,0.196709130333626,0.151857471127824,0.00150353931809726
54,6,0.167473317404222,0.0719972801090562,0.000712844357515408
54,7,0.15203801574239,0.0812977389056571,0.000804928107976803
54,8,0.116740475269908,0.055315334058112,0.000547676574832792
54,9,0.0935671449053669,0.049694700302102,0.000492026735664377
54,10,0.022679329963705,0.0326212380115752,0.000322982554570052
55,0,0.0229645666445213,0.0327146507038016,0.000323907432710907
55,1,0.0374906617723652,0.0599127322492863,0.000593195368804814
55,2,0.0331235314335804,0.0592870611942425,0.000587000605883589
55,3,0.0362239254992193,0.0584927892369917,0.000579136527098928
55,4,0.0349421421179328,0.0581735838500332,0.000575976077723101
55,5,0.208459580488901,0.162261948775692,0.00160655394827418
55,6,0.16485771594136,0.0728860297372136,0.000721643858784293
55,7,0.140922612399778,0.0721337543955243,0.000714195588074498
55,8,0.121869752371051,0.0621535666160263,0.000615381847683429
55,9,0.101528270540193,0.0760716790375321,0.000753184940965664
55,10,0.0976172407910978,0.0745965496430165,0.000738579699435807
60,0,0.176229172202257,0.100685353241043,0.00099688468555488
60,1,0.220144707842474,0.048267258841738,0.000477893651898396
60,2,0.210570045679563,0.0594690837232917,0.000588802809141502
60,3,0.186487738204237,0.0549208909600844,0.000543771197624598
60,4,0.1475696216923,0.0659831774274849,0.000653298786410741
60,5,0.0128796962548616,0.0230673774434584,0.000228389875677806
60,6,0.0128420428986995,0.0285145602413598,0.000282322378627325
60,7,0.0101041236243366,0.0190808528611555,0.000188919335258966
60,8,0.00749093879048039,0.0154532642751275,0.00015300261658542
60,9,0.00867122217305125,0.0196225843219972,0.000194283013089081
60,10,0.0070106906377401,0.0201052776461651,0.000199062154912525
61,0,0.0387623036819956,0.0629992715010943,0.000623755163377171
61,1,0.170286383900876,0.0863659562970816,0.000855108478188927
61,2,0.16797845229074,0.0679824671651439,0.000673093734308355
61,3,0.172769836127254,0.0581430609398613,0.000575673870691696
61,4,0.151987526804945,0.060419325601735,0.000598211144571634
61,5,0.136990330640146,0.0791328116689186,0.000783493184840778
61,6,0.0446379833372919,0.06142107318737,0.000608129437498713
61,7,0.0329754134013955,0.0450339933994288,0.000445881122766621
61,8,0.0261564987492642,0.0327604288487091,0.000324360681670387
61,9,0.0271570137201462,0.037924843623168,0.000375493501219485
61,10,0.030298257345945,0.0476893025395495,0.000472171312272767
62,0,0.0234784543437153,0.0473087009131579,0.000468402979338197
62,1,0.0340640729314106,0.0715537101240612,0.000708452575485755
62,2,0.159043315119225,0.0673344826579075,0.000666678046117896
62,3,0.219115600812014,0.210418322813573,0.00208334973082746
62,4,0.220201940068337,0.114154631267689,0.00113024387393751
62,5,0.157123848112798,0.0822078711567295,0.000813939318383461
62,6,0.107932112724684,0.0747691146950398,0.000740288264307324
62,7,0.0235338185759345,0.0446085202746539,0.000441668517570831
62,8,0.0181358170767975,0.0319923356742475,0.000316755798754926
62,9,0.0242316325693425,0.0518249626922768,0.00051311844249779
62,10,0.0131393876657415,0.029661429875785,0.000293677523522624
63,0,0.0418181841272956,0.0692177828776931,0.000685324582947457
63,1,0.0560857050439342,0.0824480733832751,0.000816317558250249
63,2,0.0756123298000913,0.0984304887668889,0.000974559294721672
63,3,0.166824497019239,0.0863918881553154,0.000855365229260548
63,4,0.173239033989724,0.0729243018922819,0.000722022791012692
63,5,0.167367870809309,0.112390175510956,0.00111277401495996
63,6,0.132216834840998,0.0792772688729049,0.000784923454187177
63,7,0.112438656783064,0.0791578663715857,0.000783741251203819
63,8,0.031119706612397,0.056871089815262,0.000563080097180812
63,9,0.0194853100749594,0.0465470334741461,0.000460861717565803
63,10,0.0237918708989874,0.0518735043103057,0.000513599052577284
64,0,0.0444067251316023,0.0821651293539349,0.000813516132217177
64,1,0.0495021583363788,0.0841763586662547,0.000833429293725294
64,2,0.047039860742214,0.0754108652495554,0.000746642230193618
64,3,0.0450088362355656,0.0705508616083435,0.000698523382260827
64,4,0.184064710097495,0.118950295356671,0.0011777256966007
64,5,0.171903522380777,0.0918007556258442,0.000908918372533111
64,6,0.168158397102823,0.0970371635671205,0.000960763995714064
64,7,0.134546147563235,0.0766387317593981,0.000758799324350476
64,8,0.116704807662628,0.0615719790283355,0.000609623554735995
64,9,0.0215905194405897,0.037629818912779,0.000372572464482961
64,10,0.0170743153066907,0.0313486067982057,0.000310382245526789
65,0,0.0146815519751769,0.0363375034665321,0.000359777262044872
65,1,0.0480357432779396,0.0918584820750987,0.00090948992153563
65,2,0.0499919738442031,0.0940709916579284,0.000931395957009192
65,3,0.038163360560996,0.0641232486661433,0.000634883650159835
65,4,0.0365188255910729,0.0584189306546101,0.000578405254006041
65,5,0.131427605810787,0.0840571375590192,0.000832248886722962
65,6,0.176856628930001,0.0775960855054355,0.000768278074311242
65,7,0.190582850032255,0.100617595649995,0.000996213818316779
65,8,0.158993788107105,0.103477749071915,0.00102453216902886
65,9,0.124472172138722,0.0858497836549155,0.00084999785796946
65,10,0.0302754997317429,0.0525790487491036,0.000520584641080233
66,0,0.0214394729040356,0.0421925420938904,0.000417747941523668
66,1,0.039119168249846,0.0603150775518951,0.000597178985662328
66,2,0.0428489213145895,0.0635862184010343,0.000629566518822122
66,3,0.049971200791414,0.072208390907883,0.000714934563444386
66,4,0.0427460903421578,0.0710599799501618,0.000703564157922394
66,5,0.0415046778874818,0.0580105059280286,0.000574361444831966
66,6,0.187946916762882,0.139518205636717,0.00138136837264076
66,7,0.158841243062679,0.0822037590695717,0.000813898604649225
66,8,0.158136278930569,0.079499434179233,0.000787123110685475
66,9,0.140484607061262,0.0860682805958599,0.000852161194018415
66,10,0.116961422693084,0.0829007137329274,0.000820799145870568
70,0,0.184601284724095,0.115020659354969,0.00113881840945514
70,1,0.240901948338273,0.100001395724135,0.000990112828951827
70,2,0.206293095901052,0.0644776743665769,0.000638392815510662
70,3,0.17529827593049,0.0939370024902828,0.000930069331586959
70,4,0.0376324553901974,0.0494224054627317,0.000489330747155759
70,5,0.0276816492491548,0.0310001477399656,0.000306932155841244
70,6,0.0244549393846065,0.0297221550648258,0.000294278763018077
70,7,0.023085818382331,0.0341197638065881,0.000337819443629585
70,8,0.0275606927433801,0.038847815304297,0.00038463183469601
70,9,0.0286113061191618,0.043361864081924,0.000429325386949742
70,10,0.0238785338372579,0.0290251297284781,0.00028737752206414
71,0,0.0330815216306191,0.0684761097741872,0.000677981284892942
71,1,0.25997502213205,0.169339381435813,0.00167662753896844
71,2,0.241857394930618,0.0975509488228701,0.000965850978444258
71,3,0.200164730121236,0.108848793826355,0.00107771082996391
71,4,0.121063065546305,0.105839265605635,0.00104791352084787
71,5,0.0274201492052276,0.0508422424443531,0.000503388539053001
71,6,0.0296331328529763,0.0474716010801198,0.000470015852278414
71,7,0.0302854115228446,0.059491457913922,0.000589024335781406
71,8,0.0221620978983238,0.0402357811785448,0.000398374071074701
71,9,0.019883449001755,0.0372053680594083,0.000368369980786221
71,10,0.0144740251580448,0.0232863758529268,0.000230558176761652
72,0,0.0175764806909256,0.0313806659420849,0.00031069966279292
72,1,0.0526459449184526,0.106425830900638,0.00105372109802612
72,2,0.200085840029796,0.109438208610145,0.00108354661990242
72,3,0.231139398055716,0.120427144647217,0.00119234796680413
72,4,0.18388429650715,0.083286218679568,0.000824616026530376
72,5,0.129784937668076,0.074954757311811,0.00074212631001793
72,6,0.0634804696764895,0.0869110720746636,0.00086050566410558
72,7,0.0478120530900926,0.0652110799121036,0.000645654256555481
72,8,0.0311377099344475,0.0521169756352475,0.000516009659754926
72,9,0.019978157728531,0.0353559000294861,0.000350058416133526
72,10,0.0224747117003237,0.0329935539386238,0.000326668850877463
73,0,0.0602700498729087,0.086620325351819,0.000857626983681376
73,1,0.0637319632862786,0.0922261291823026,0.000913129991903986
73,2,0.0566642858346044,0.100242789239342,0.000992502863755865
73,3,0.165034882550534,0.100744744093476,0.00099747271379679
73,4,0.200060752665457,0.15443766193121,0.00152908576169515
73,5,0.240221392910373,0.183884973364186,0.0018206433006355
73,6,0.109555445109221,0.0852041100689058,0.000843605050187186
73,7,0.0302332621097617,0.0475770423464828,0.000471059825212701
73,8,0.0280327111747234,0.0467557320028974,0.000462928039632648
73,9,0.0208963737118164,0.0331122886959213,0.000327844442533874
73,10,0.0252988807743229,0.0427774874514719,0.000423539479717543
74,0,0.0403184268000837,0.0657018185669134,0.000650513055117954
74,1,0.0734154416228074,0.127214689628272,0.00125955138245813
74,2,0.0560106604873249,0.0753843361305552,0.000746379565649061
74,3,0.057513563024917,0.0761006217868688,0.000753471502840285
74,4,0.192142683118006,0.130977589594352,0.00129680781776586
74,5,0.194420907624052,0.111125897768228,0.00110025641354682
74,6,0.202231142144153,0.157303000541597,0.00155745545090691
74,7,0.12017264333286,0.0881633286459009,0.000872904244018821
74,8,0.0215035053629723,0.0338219289167568,0.000334870583334226
74,9,0.0221103147985745,0.0313296760099256,0.000310194811979461
74,10,0.0201607116842491,0.0265027618261297,0.000262403582436928
75,0,0.0528664857465108,0.103910869342399,0.0010288204885386
75,1,0.061578576936532,0.130903353559972,0.00129607280752448
75,2,0.0470319973919881,0.0807752734184202,0.000799755182360596
75,3,0.0476416991892326,0.083326567024111,0.000825015515090208
75,4,0.00926261599976038,0.0150374451925684,0.000148885595966024
75,5,0.169571752598974,0.118716004628597,0.00117540598642175
75,6,0.185254035420086,0.116789349958129,0.00115633019760523
75,7,0.186478897535746,0.124014051744304,0.00122786189845846
75,8,0.166684599920901,0.126053003273055,0.00124804953735698
75,9,0.036390829675563,0.0558337639183429,0.00055280954374597
75,10,0.0372385095847065,0.0572933643670899,0.000567261033337523
76,0,0.0347566220543399,0.0673284516662355,0.000666618333329064
76,1,0.0663306978319044,0.119883657175655,0.00118696690272926
76,2,0.0626749408541493,0.0907889074482665,0.000898900073745213
76,3,0.0543661062457677,0.0788703932011974,0.000780894982190074
76,4,0.0322489722707223,0.0497798589552155,0.000492869890645698
76,5,0.034462675388715,0.0543004681826809,0.000537628397848326
76,6,0.2109401744771,0.140377438937667,0.0013898756330462
76,7,0.187635514748922,0.101308814286851,0.00100305756719654
76,8,0.177260922804145,0.100658264005621,0.000996616475303178
76,9,0.111485678973289,0.0872589106783317,0.000863949610676551
76,10,0.0278376943509455,0.0450507641202653,0.000446047169507577
77,0,0.0288825624877979,0.0817346292400727,0.000809253754852205
77,1,0.0326340251783747,0.082151590400296,0.000813382083171248
77,2,0.0197780247207269,0.0369325608966573,0.000365668919768884
77,3,0.0205479396494025,0.0366294796608712,0.00036266811545417
77,4,0.0169037506412282,0.0351448750263354,0.000347969059666687
77,5,0.0197389856530996,0.0362255410987492,0.000358668723749992
77,6,0.0207565382225343,0.0360462646620966,0.000356893709525709
77,7,0.235979945516207,0.140687459001397,0.0013929451386277
77,8,0.215439476485131,0.097402965511184,0.000964385797140436
77,9,0.198877116387372,0.0922415019040693,0.000913282197069993
77,10,0.190461635058126,0.11237484364022,0.0011126222142596
80,0,0.282744101630648,0.137445655932775,0.00136084807854233
80,1,0.262005622375966,0.108956265475211,0.00107877490569516
80,2,0.267797084556133,0.132691568161068,0.00131377790258484
80,3,0.0213706484918017,0.0318350226970246,0.000315198244524996
80,4,0.0249174603662872,0.0343617787656697,0.000340215631343264
80,5,0.0233179634522308,0.0342038721772707,0.000338652199774957
80,6,0.0278009423061525,0.0426367062383218,0.000422145606320017
80,7,0.0196800991628047,0.0317366710064708,0.000314224465410602
80,8,0.0197740689761329,0.025346098240345,0.000250951467726188
80,9,0.0224757771026656,0.0332420072124581,0.000329128784281763
80,10,0.0281162315791782,0.0515775101448202,0.000510668417275447
81,0,0.0465527883726944,0.1079338004736,0.00106865148983762
81,1,0.34212645881137,0.163502771018034,0.00161883931701024
81,2,0.309440314091482,0.128262546278657,0.00126992620077878
81,3,0.154345590236519,0.129515798292508,0.00128233463655948
81,4,0.0254035428013408,0.0464075310777592,0.000459480505720388
81,5,0.0205121804696328,0.0329308441212135,0.000326047961596173
81,6,0.0208817126265755,0.0346723473147065,0.000343290567472342
81,7,0.0262036477115731,0.0563872625343497,0.000558289728062868
81,8,0.0181555502625442,0.033810217861311,0.000334754632290208
81,9,0.01677226505417,0.0350719154462,0.000347246687586138
81,10,0.0196059495620979,0.0427222305774664,0.000422992381955113
82,0,0.069228225109342,0.116641530135453,0.00115486663500449
82,1,0.136552379413217,0.220950325082568,0.00218762698101552
82,2,0.308374777068981,0.158863348149171,0.0015729044371205
82,3,0.187734725347584,0.135762783460472,0.00134418597485616
82,4,0.176266477798702,0.145774960556215,0.00144331644115064
82,5,0.0230875919057044,0.043255676725946,0.000428274026989564
82,6,0.0209340866867485,0.0433048348578242,0.000428760741166576
82,7,0.0145113706013542,0.0273807083888491,0.000271096122661873
82,8,0.0195185352485674,0.0391717557914159,0.000387839166251642
82,9,0.0237525033961938,0.0388679574081427,0.000384831261466759
82,10,0.0200393274236049,0.0392690497192919,0.000388802472468237
83,0,0.0327963024683031,0.0629600499891976,0.000623366831576214
83,1,0.0626015550930217,0.0936832909775578,0.000927557336411463
83,2,0.0650063474249776,0.0971927633994057,0.000962304588112928
83,3,0.235873585095422,0.107115710601342,0.00106055159011229
83,4,0.300880783496745,0.185094437331905,0.001832618191405
83,5,0.200129297859943,0.130894806929333,0.00129598818741913
83,6,0.0348472233279697,0.0497491020115239,0.000492565366450732
83,7,0.029038176631758,0.0414506628472306,0.000410402602447828
83,8,0.015067203120393,0.026785544066039,0.000265203406594445
83,9,0.0154011621209273,0.0297095605614351,0.000294154064964704
83,10,0.00835836336054014,0.0145712421622243,0.000144269724378459
84,0,0.0183914720102002,0.0386137993310149,0.000382314844861533
84,1,0.0410742615504991,0.0972318506546668,0.000962691590640266
84,2,0.0450418689585745,0.0994673395217015,0.000984825143779223
84,3,0.0282548624962761,0.0581798309877034,0.000576037930571321
84,4,0.247780530605487,0.138376809117939,0.0013700674170093
84,5,0.34317297379442,0.179019509422611,0.00177247039032288
84,6,0.216383630180653,0.121130149486304,0.00119930841075548
84,7,0.016868875669817,0.0356147043929498,0.00035262083557376
84,8,0.0144504501687625,0.0355248769351371,0.000351731454803338
84,9,0.0122478534249193,0.0292808067844469,0.000289908978063831
84,10,0.0163332211403912,0.0337753839276114,0.000334409741857539
85,0,0.0277919185358803,0.0612730130471841,0.000606663495516674
85,1,0.051294041203845,0.106728410304427,0.0010567169337072
85,2,0.0584380830630137,0.130110636774284,0.00128822412647806
85,3,0.0259731733938062,0.0556552221834292,0.000551041803796329
85,4,0.0222014415865114,0.0463779222040896,0.000459187348555343
85,5,0.252382565716748,0.156869999578438,0.0015531683126578
85,6,0.245689193830875,0.127497027610071,0.00126234680802051
85,7,0.181914367860883,0.120715367120878,0.00119520165466216
85,8,0.0543477364856205,0.0952675337079065,0.000943242907999075
85,9,0.041850935690249,0.0770060780643619,0.000762436416478831
85,10,0.0381165426325675,0.0748192706407143,0.000740784857828854
86,0,0.0313457544103372,0.0749384823837593,0.000741965172116429
86,1,0.052260715588287,0.0987522870936569,0.00097774541676888
86,2,0.0434179015137252,0.0813815903593052,0.00080575832038916
86,3,0.0300423082302548,0.0503323814776559,0.00049834041066986
86,4,0.0323279947902634,0.0539992627885016,0.000534646166222788
86,5,0.053457727071505,0.0949563627734811,0.000940162007658229
86,6,0.269754304395809,0.16418033436343,0.00162554786498446
86,7,0.234152147914111,0.134771217334979,0.00133436848846514
86,8,0.192124333604455,0.110880827284978,0.00109782997311859
86,9,0.0322406823294639,0.0601441817693595,0.000595486948211481
86,10,0.0288761301517874,0.065203968103035,0.000645583842604307
87,0,0.0341682786330774,0.0839988784943769,0.000831672064300761
87,1,0.0535153350667429,0.0906917573148957,0.000897938191236591
87,2,0.0514858361503425,0.086676206929371,0.000858180266627436
87,3,0.0342006091638079,0.0574169846564143,0.000568484996598161
87,4,0.0229590578061475,0.0451017030541211,0.000446551515387338
87,5,0.0264857157570531,0.0481996962478417,0.000477224715325165
87,6,0.0264517509977101,0.0447144587483039,0.000442717413349544
87,7,0.257973544552853,0.156422550373586,0.00154873812251075
87,8,0.270032027928399,0.200190882033492,0.00198208794092567
87,9,0.180470989486574,0.130322472390075,0.00129032150881262
87,10,0.042256854457292,0.0655247238725676,0.000648759642302649
88,0,0.0283077097190395,0.0662727181609584,0.000656165526346123
88,1,0.0496506605312457,0.115404527867026,0.00114261908779234
88,2,0.0450623070619067,0.0921942151759604,0.000912814011643172
88,3,0.0142860758380286,0.0281041357925928,0.000278258770223691
88,4,0.0140850679978058,0.0296510569952058,0.000293574821734711
88,5,0.012899858356826,0.0269504374572204,0.000266836014427925
88,6,0.0206241014983028,0.0358893294866639,0.000355339895907564
88,7,0.0233243724576236,0.0488943479869055,0.000484102455315896
88,8,0.279977525050736,0.130375489568612,0.0012908464313724
88,9,0.280901250811032,0.131949422679278,0.0013064299275176
88,10,0.230881070677453,0.109278673546439,0.00108196706481623
90,0,0.352561407539693,0.242194768295644,0.00239796800292717
90,1,0.368194381746058,0.245483430067077,0.00243052901056512
90,2,0.0247312302134319,0.0503343486058458,0.000498359887186593
90,3,0.0324252781025319,0.053369664143164,0.000528412516268951
90,4,0.0252297878013394,0.0402627922094912,0.000398641507024665
90,5,0.0283203130973697,0.0378388440680704,0.000374642020475944
90,6,0.0258069220737849,0.0393483492850854,0.000389587616684014
90,7,0.0244722717528574,0.0436005107016389,0.000431688224768702
90,8,0.0196630526788939,0.0315016178299055,0.000311897206236688
90,9,0.0791089020658218,0.203233545306964,0.00201221331987093
90,10,0.0194864529282182,0.0368922397027893,0.000365269700027617
91,0,0.00472479344844168,0.0103427252882955,0.000102403220676193
91,1,0.421884966086193,0.280255768591042,0.00277480959001031
91,2,0.280304717114845,0.160743936239267,0.00159152412118086
91,3,0.0424956857176047,0.0550765972598772,0.0005453128441572
91,4,0.0347262308403436,0.0504051247133118,0.00049906064072586
91,5,0.0349195299101227,0.0472945031513649,0.000468262407439256
91,6,0.0318876338146618,0.0513847775184384,0.000508760173449885
91,7,0.0477501042784245,0.0697366704760977,0.000690462083921759
91,8,0.0330374978239114,0.0408752694286239,0.000404705637907168
91,9,0.0407187025315655,0.0543611948039811,0.000538229651524566
91,10,0.0275501384338867,0.0364089454887535,0.000360484608799539
92,0,0.0554238297066117,0.125825524725733,0.00124579727451221
92,1,0.0759972059674921,0.144100782558225,0.00142674042136856
92,2,0.379613610468213,0.242631359288792,0.00240229068602764
92,3,0.322104554943681,0.243268313802656,0.00240859716636293
92,4,0.0347394658163238,0.0546068161247085,0.000540661545789193
92,5,0.0219047191701126,0.0313241960181373,0.000310140554635023
92,6,0.0238412165545354,0.0387771443368235,0.000383932122146768
92,7,0.0200119730291839,0.0288889627752669,0.000286029334408583
92,8,0.0192765648250777,0.0303747641860034,0.00030074023946538
92,9,0.019428999789269,0.031866259863632,0.000315507523402297
92,10,0.0276578597294996,0.0518696948854741,0.000513561335499744
93,0,0.0245992914229002,0.0768968466684639,0.000761354917509544
93,1,0.106624732583806,0.261294710215109,0.00258707633876346
93,2,0.0230451166677253,0.0730657588589464,0.000723423355039073
93,3,0.361823798178347,0.206530886507234,0.00204486026244786
93,4,0.35294488350612,0.211640319719263,0.00209544871009171
93,5,0.0352560076927149,0.0637438966779853,0.000631127689881042
93,6,0.0240685721006068,0.0460361567835162,0.000455803532510061
93,7,0.0181566678795499,0.032165025448067,0.000318465598495713
93,8,0.016344095387501,0.0306619728477703,0.000303583889581884
93,9,0.0200287095469317,0.0312282002438889,0.000309190101424643
93,10,0.0171081250337978,0.0290719991522989,0.000287841575765335
94,0,0.0883529375081479,0.165967906813626,0.00164324660211511
94,1,0.0859804303586275,0.162452364134861,0.00160843924886001
94,2,0.0315450000015911,0.0538171175449816,0.000532842747970115
94,3,0.0288478976148795,0.0530371256150507,0.000525120055594562
94,4,0.308519719015674,0.236016390675799,0.00233679594728514
94,5,0.290643404608413,0.221326269460483,0.00219134920257904
94,6,0.0289155266443984,0.0515908508254199,0.000510800503221979
94,7,0.0369804809347118,0.063844324003718,0.000632122019838792
94,8,0.0425380082273588,0.0941491153821972,0.000932169459229675
94,9,0.0351667382938417,0.0589025748358918,0.000583193810256355
94,10,0.0225098567923561,0.0395593999290708,0.000391677227020503
95,0,0.0476535423328547,0.0925149466936246,0.000915989571224006
95,1,0.041552335629537,0.0923086073162274,0.00091394660709136
95,2,0.0188278588504227,0.0386604548884208,0.000382776781073473
95,3,0.0211659178478254,0.034835543707554,0.000344906373342118
95,4,0.0164351358752104,0.0309588759480237,0.000306523524237859
95,5,0.371102206061174,0.191809455360584,0.00189910351842162
95,6,0.323687690011224,0.171332257197436,0.00169635898215283
95,7,0.0599834095778858,0.079137502684588,0.000783539630540475
95,8,0.0379781509285157,0.0543424205747535,0.000538043768066866
95,9,0.0315798787269446,0.0436049326490995,0.000431732006426728
95,10,0.0300338741584053,0.0548369662314125,0.000542940259716955
96,0,0.0245197060441593,0.0444476647116722,0.000440075888234379
96,1,0.0581186915337463,0.148130695824535,0.00146664055271817
96,2,0.0274693015037621,0.0418502186794078,0.000414358600786216
96,3,0.0291302426220648,0.0428896721715643,0.000424650219520439
96,4,0.0306949988104554,0.048222641821472,0.000477451899222496
96,5,0.0321304320618725,0.0538894828877428,0.000533559236512305
96,6,0.346435050097922,0.189350533815899,0.00187475776055345
96,7,0.368230850595449,0.208668955459939,0.0020660292619796
96,8,0.0463459984578283,0.0880030436506791,0.00087131726386811
96,9,0.0211455076978594,0.0389002906313425,0.00038515139238953
96,10,0.0157792205748806,0.0252485379757143,0.000249985524512022
97,0,0.0327717525983022,0.0939500715521914,0.000930198728239519
97,1,0.051779280287776,0.0977276576829068,0.000967600571117889
97,2,0.0259596755334039,0.0434956893959029,0.000430650390058444
97,3,0.0316749498911308,0.0554523050425752,0.000549032723193814
97,4,0.0292552260371061,0.047962063326407,0.000474871914122842
97,5,0.0360334715082967,0.0517518262560886,0.000512394319367214
97,6,0.0361752479431635,0.0500526973394273,0.000495571260786409
97,7,0.365998358022994,0.264823435448528,0.00262201421236166
97,8,0.305198440357911,0.212918760322348,0.00210810653784503
97,9,0.0456735565926372,0.0840149552158186,0.00083183123976058
97,10,0.0394800412272788,0.071860704299462,0.000711492121776851
98,0,0.0418562193805284,0.137417033907518,0.00136056469215365
98,1,0.0749779497125349,0.198607368467099,0.00196640958878316
98,2,0.00979684707303213,0.0263097484881757,0.000260492559288868
98,3,0.0130521857751667,0.0278071667039853,0.000275318482217676
98,4,0.0164670239549281,0.0328598820089261,0.000325345366425011
98,5,0.0112805283040362,0.0266557973131028,0.000263918785278245
98,6,0.0187378975667804,0.0359223482779965,0.000355666814633628
98,7,0.0174687030642387,0.0355130719068592,0.000351614573335239
98,8,0.394249062455637,0.277968521057855,0.00275216357483025
98,9,0.348060497171235,0.24092321116964,0.00238537832841228
98,10,0.0540530855418828,0.120374927266245,0.00119183096303213
99,0,0.0625112072570825,0.139588193659744,0.00138206132336381
99,1,0.0779600097242666,0.15049570093871,0.00149005644493772
99,2,0.0288057636641494,0.0373695228946426,0.00036999527618458
99,3,0.0262546106008305,0.0357415129934186,0.000353876366271472
99,4,0.0266760058350111,0.0356699761604625,0.000353168080796658
99,5,0.0230122014053481,0.0367847197876769,0.000364205146412642
99,6,0.030092009492006,0.0398211514926116,0.000394268826659521
99,7,0.0258268168969355,0.0375515977998888,0.000371797998018701
99,8,0.0280604535914794,0.0428318292756012,0.00042407751758021
99,9,0.370805025516368,0.208024260898245,0.00205964614750738
99,10,0.299995896016523,0.199440793730894,0.00197466132406826
100,0,0.837676206907689,0.283616780213387,0.00280808693280581
100,1,0.0345078448047517,0.112873973189654,0.00111756409098667
100,2,0.00969926776638449,0.0190775489565122,0.000188886623331804
100,3,0.0151080342696294,0.0272671824110204,0.00026997210307941
100,4,0.018390724520117,0.0337897097363116,0.00033455158154764
100,5,0.0150333581666076,0.0324662549650797,0.000321448068961185
100,6,0.0184270778619515,0.0433592284946527,0.000429299292026264
100,7,0.0100850900697626,0.0226906148826687,0.00022465955329375
100,8,0.0130132723143594,0.0248278507770016,0.000245820304722788
100,9,0.0149295121977946,0.0311793904595799,0.000308706836233464
100,10,0.0131296111209529,0.0270289620840997,0.000267613485981185
101,0,0.0175867675517303,0.0398329085357919,0.000394385233027642
101,1,0.71553924469018,0.382823921914451,0.00379033586053911
101,2,0.0427349578779627,0.0827670127833225,0.000819475374092302
101,3,0.044419470658593,0.0789354106244104,0.000781538719053568
101,4,0.0280453723471396,0.0597721386836218,0.000591803353303187
101,5,0.0200291937770229,0.0365352642681044,0.000361735289783212
101,6,0.0259481040164453,0.0607753375931848,0.000601736015774107
101,7,0.0184260634387526,0.0312286165804915,0.000309194223569223
101,8,0.0157216034384738,0.0303387924856468,0.000300384084016305
101,9,0.0544697683858985,0.18897141555886,0.00187100411444416
101,10,0.0170794538178016,0.0343392114720701,0.000339992192792773
102,0,0.0951556287400757,0.238662339096524,0.00236299345640123
102,1,0.074108042415801,0.137397689461595,0.00136037316298609
102,2,0.534050871575191,0.411085471687644,0.00407015318502617
102,3,0.0500570379066829,0.0617868797233419,0.000611751284389524
102,4,0.0434945163702535,0.0585996984984231,0.000580195034637853
102,5,0.0413412703504923,0.055828521312036,0.000552757636752832
102,6,0.0439460243941343,0.0586795721804432,0.000580985863172705
102,7,0.0334345923253447,0.0457001819981526,0.00045247704948666
102,8,0.0312253650632011,0.0411533948544832,0.000407459354994883
102,9,0.0287675121066961,0.0385076527693551,0.000381263888805496
102,10,0.0244191387521269,0.0365663410743931,0.000362042980934585
103,0,0.126379061381966,0.267935516740929,0.00265282689842504
103,1,0.0352440365906708,0.077292208926426,0.000765269395311149
103,2,0.0323686046498326,0.0754298779853342,0.000746830475102319
103,3,0.663004065589832,0.419690187440401,0.00415534839049902
103,4,0.0251381182936126,0.0588810359664341,0.00058298055412311
103,5,0.0255717719044572,0.0483265131306641,0.000478480328026377
103,6,0.0218510660471448,0.0307940323432286,0.000304891409338897
103,7,0.0106734052959155,0.0187357514175508,0.000185502489282681
103,8,0.0215622685227672,0.0490364626619271,0.000485509531306209
103,9,0.019608092411614,0.0297767890587534,0.000294819693651024
103,10,0.0185995093121876,0.0351443961028801,0.000347964317850298
104,0,0.0143821842823057,0.0288423391213419,0.000285567714072692
104,1,0.0119113248901204,0.0288229224087445,0.00028537546939351
104,2,0.011540833444114,0.0282458696975456,0.000279662076213323
104,3,0.0113154665879074,0.0276714440115439,0.000273974693183603
104,4,0.813423333436059,0.302335781169539,0.00299342357593603
104,5,0.0329752426761073,0.0674200453895502,0.000667525201876734
104,6,0.0283697933795098,0.0577354819156964,0.000571638434808875
104,7,0.0245891949790918,0.0506987971182815,0.000501968288299816
104,8,0.0222857834882914,0.0418068881153614,0.000413929585300608
104,9,0.0170026875086739,0.0284816889460577,0.000281996920257997
104,10,0.0122041553278192,0.0257773961573605,0.000255221744132282
105,0,0.101083247304493,0.245799242085857,0.00243365586223621
105,1,0.0484902899137481,0.0646770190974013,0.000640366525716845
105,2,0.0505186263346248,0.0624235990458455,0.00061805543609748
105,3,0.0502698244124509,0.0651235564533363,0.000644787687656795
105,4,0.0679383123807664,0.11493619436719,0.00113798212244743
105,5,0.553701668752543,0.386120180156868,0.00382297208076107
105,6,0.027690035038213,0.0491049707032523,0.000486187828745072
105,7,0.0282752628710815,0.0503147318611627,0.00049816566199171
105,8,0.0298979449998462,0.0493904042249015,0.000489013903216846
105,9,0.0225601578856732,0.0363283965620836,0.000359687094674095
105,10,0.0195746301065608,0.0286361427787735,0.000283526166126471
106,0,0.0843066227627778,0.248477761612635,0.00246017585755084
106,1,0.0333822051748971,0.0577155198376752,0.000571440790472032
106,2,0.0324201153029321,0.0574229488317738,0.000568544047839345
106,3,0.034611952931087,0.0574882149568211,0.000569190247097239
106,4,0.0317719366959176,0.0578331614354648,0.000572605558766978
106,5,0.0726625432249625,0.201370137016354,0.00199376373283519
106,6,0.633277600486138,0.421669737931285,0.00417494790030975
106,7,0.0259893445464979,0.0668564285618494,0.000661944837246034
106,8,0.0183000903965198,0.0483980511197063,0.000479188624947587
106,9,0.0179672115356233,0.0471983573841129,0.000467310469149633
106,10,0.0153103769426468,0.0391374332631765,0.000387499339239372
107,0,0.066388862444788,0.207156321663731,0.00205105268973991
107,1,0.03180142275311,0.0439067824641865,0.000434720618457292
107,2,0.0361180514176573,0.0486339331853026,0.00048152409094359
107,3,0.0340574217391159,0.0483130505367739,0.000478347035017564
107,4,0.0261693014335427,0.0386411696838347,0.000382585838453809
107,5,0.0316693992529785,0.0448500020510118,0.000444059426247642
107,6,0.0317265323403983,0.0465387849450489,0.00046078004896088
107,7,0.648048840245923,0.405132772346126,0.00401121556778343
107,8,0.0340375178397694,0.0583691950574382,0.000577912822350873
107,9,0.0325659653153029,0.0507694949658084,0.000502668266988202
107,10,0.0274166852174137,0.0444598215190058,0.000440196252663423
108,0,0.0724906323195467,0.233720863642782,0.00231406795685923
108,1,0.0400894145189502,0.0566706528714852,0.000561095572985002
108,2,0.0404322972388172,0.0581042796153059,0.000575289897181247
108,3,0.0459418445578675,0.0585993079926118,0.000580191168243681
108,4,0.0384740227547576,0.0550248399521732,0.000544800395566071
108,5,0.0359462959094502,0.0549779421150121,0.000544336060544674
108,6,0.0399701170463545,0.0565750867130848,0.000560149373396879
108,7,0.0331654790138649,0.0518690175503104,0.000513554629210994
108,8,0.562768622028655,0.439204482814985,0.00434855923579193
108,9,0.0473642882622704,0.100207075130992,0.00099214925872269
108,10,0.0433569863494661,0.0984923500284232,0.000975171782459635
109,0,0.136968665528945,0.286089819719071,0.00283257247246605
109,1,0.0771734212479388,0.132926588047538,0.00131610483215384
109,2,0.021837393499809,0.0339590704370138,0.000336228420168453
109,3,0.0235753255871704,0.0385223415515467,0.000381409322292542
109,4,0.0274870885003465,0.0392867455453542,0.000388977678666873
109,5,0.0179396888535924,0.0289302140568862,0.000286437762939468
109,6,0.0193910238784569,0.0323135062648906,0.000319935705592976
109,7,0.0261370362244071,0.0331647986012729,0.000328364342586861
109,8,0.0627107847787709,0.184930766543119,0.00183099768854573
109,9,0.510165384921418,0.424803374006606,0.00420597400006541
109,10,0.0766141869791446,0.160095036277941,0.00158509936908853
1010,0,0.0790120294532851,0.248143992643936,0.00245687121429639
1010,1,0.0132331623047941,0.0263214156821935,0.000260608076061322
1010,2,0.00778611070724525,0.0147112900161818,0.00014565633679388
1010,3,0.00909843640404716,0.013922714431671,0.000137848657739317
1010,4,0.0170974089150653,0.0336003004629837,0.00033267624220776
1010,5,0.0174322399648568,0.0347307482216008,0.000343868794273275
1010,6,0.0131004784151004,0.0152987084730455,0.000151472361119263
1010,7,0.0173519874457293,0.0262508888208519,0.000259909790305465
1010,8,0.034031730734778,0.0857346970674872,0.000848858386806804
1010,9,0.0482203173299177,0.10535439558852,0.00104311282760911
1010,10,0.743636098325181,0.349305097670892,0.00345846631357318
